Bahamas,Apple AirTag 4 Pack,136.0
Bahamas,ABC Cork Turbo Yeast | Alcohol Ingredient Kit | Makes 25L of 23% Alcohol Base for Spirits,136.0
Bahamas,Ring Stick Up Cam Battery HD security camera with custom privacy controls Simple setup Works with Alexa - Black,136.0
Bahamas,Wonderful Pistachios Roasted and Salted Nuts 1.5 Ounce Bag (Pack of 9),136.0
Bahamas,Pedialyte Electrolyte Powder Electrolyte Drink Variety Pack Powder Sticks 0.3 Oz 8 Count,136.0
Bahamas,McCormick Grill Mates Brazilian Steakhouse Seasoning 2.12 oz,136.0
Bahamas,Pepperidge Farm Milano Cookies Dark Chocolate 20 Packs 2 Cookies per Pack,136.0
Bahamas,Bluetooth 5.2 Wireless EarbudsKurdene S8 Deep Bass Sound 38H Playtime IPX8 Waterproof Earphones Call Clear with Microphone in-Ear Stereo Headphones Comfortable for iPhone Android,136.0
Bahamas,Nestle Coffee mate Coffee Creamer Original Liquid Creamer Singles Non Dairy No Refrigeration Box of 360,136.0
Bahamas,Pork Barrel BBQ Uncured Bacon Jerky Old-Fashioned Maple Sweet Maple and Brown Sugar with Smoky Slow Cooked Bacon 2 OZ Snack Pack | As Seen on Shark Tank | Nitrate and Nitrite Free Gluten Free,136.0
Bahamas,Mori-Nu Soft Tofu Silken 12 oz,136.0
Bahamas,Original HP 62 Tri-color Ink Cartridge | Works with HP ENVY 5540 5640 5660 7640 Series HP OfficeJet 5740 8040 Series HP OfficeJet Mobile 200 250 Series | Eligible for Instant Ink | C2P06AN,136.0
Bahamas,Fresh Daily Healthy Mix Antioxidant Mix 24 Count 24 Ounce,136.0
Bahamas,Gluten Free Vegan Fruit & Nut Bar 12 Count (Pack of 1),136.0
Bahamas,Woodford Reserve Spiced Cherry Bourbon Barrel Aged Cocktail Bitters - 59ml,136.0
Bahamas,(3 Pack) Supershieldz Anti-Glare (Matte) Screen Protector Designed for All-new Kindle Paperwhite 6.8-Inch (11th Generation 2021) / Kindle Paperwhite Signature Edition 6.8-Inch / Kindle Paperwhite Kids 6.8-Inch (11th Gen),136.0
Bahamas,Nutristore Freeze-Dried Sausage Crumbles | Emergency Survival Bulk Food Storage | Premium Quality Meat | Perfect for Lightweight Backpacking Camping Home Meals | USDA Inspected | 25 Year Shelf-Life,136.0
Bahamas,VoiceGift 20 Second Mini-Me Voice Recorder Record Custom Message for Plush Toy Stuffed Bear Toy Baby Doll Toy and Pillow,136.0
Bahamas,VEGKY Shiitake Mushroom Jerky - 70 Grams - 5 Pack Variety Vegan Gift Basket Plant Based Meatless Vegetarian Snack Fiber,136.0
Bahamas,ANGOSTURA Aromatic Bitters 118 ml / 4 oz.,136.0
Bahamas,Spy Camera Charger | Hidden Camera | Premium Pack | Mini Spy Camera 1080p | USB Charger Camera | Hidden Spy Camera | Hidden Nanny Cam | Hidden Spy Cam | Hidden Cam | Surveillance Camera Full HD,136.0
Bahamas,Orgain Organic Plant Based Protein Bar Peanut Butter - 10g of Protein Vegan Gluten Free Non Dairy Soy Free Lactose Free Kosher Non-GMO 1.41 Ounce 12 Count (Packaging May Vary),136.0
Australia,Orville Redenbacher's Original Gourmet White Popcorn Kernels 30 oz (Pack of 6),143.0
Australia,Wyler's Authentic Italian Ice Fat Free Freezer Bars Original Flavors 2oz bars 96 count,143.0
Australia,Good It's Gluten Free Chinese Salt & Pepper Meal Kit for 2 - Gluten Free Dairy Free & Egg Free Batter Crumb & Seasoning - 100% Traceable Ingredients,143.0
Australia,Elon Musk: Tesla SpaceX and the Quest for a Fantastic Future,143.0
Australia,Fee Brothers Black Walnut Bitters 5oz,143.0
Australia,LLPT Wiring Harness Cloth Tape 3 Packs 3/4 Inch 1 Inch 1.3 Inch 50 Ft Each Fiber Wire Loom Wrapping Tape for Automotive Engine Electrical Protection (HC213),143.0
Australia,InstallGear 1/0 Gauge AWG CCA Power Ground Wire Cable (50ft Black & Red) Welding Wire Battery Cable Automotive RV Wiring Car Audio Speaker Stereo,143.0
Australia,iPhone 11 12 13 Super Fast Charger Apple MFi Certified High Speed iPhone Charger 2-Pack 20W PD USB C 6FT Wall Charger Compatible with iPhone 13/13Pro/12/12 Pro/11/11Pro/XS/Max/XR/X/8/8 PlusiPad,143.0
Australia,HDMI Switch 4k@60hz HDMI Splitter GANA Aluminum Bidirectional HDMI Switcher 2 in 1 Out Manual HDMI Hub Supports HD for Xbox PS5/4/3 Blu-Ray Player Fire Stick Roku(Only ONE monitor),143.0
Australia,1520P 20MP Trail Camera Hunting Camera with 120°Wide-Angle Motion Latest Sensor View 0.2s Trigger Time Trail Game Camera with 940nm No Glow and IP66 Waterproof 2.4” LCD 48pcs for Wildlife Monitoring,143.0
Australia,Trader Joe’s Mushroom & Company Multipurpose UMAMI Seasoning Blend NET WT. (2 Packs) 2.1 OZ,143.0
Australia,Streit's Matzo Ball & Soup Mix Kosher For Passover Easy to Prepare Delicious & Authentic Matzo Balls 4.5 Oz (Single),143.0
Australia,Blue Diamond Almonds Spicy Dill Pickle Flavored Snack Nuts 6 Oz Resealable Can (Pack of 1),143.0
Australia,A Gift Inside Bloom Dried Fruit Deluxe Tray Basket Arrangement for Holiday Birthday Healthy Snack Business Kosher 2.75 Pound,143.0
Australia,Amazon Brand - Happy Belly Premium Chocolate Chip Cookies 13 Ounce,143.0
Australia,Classic Beef Jerky by Think Jerky — Delicious Chef Crafted Jerky — Grass-Fed Beef Free of Gluten Antibiotics and Nitrates — Healthy Protein Snack Low in Calories Fat and Salt — 1 Ounce (8 Pack),143.0
Australia,Coffee-mate Powder Original (56 oz.) 2 Pack,143.0
Australia,E-Z Ink (TM) Compatible Ink Cartridge Replacement for Canon PGI-280XXL CLI-281XXL 280 XXL 281 XXL Compatible with PIXMA TR7520 TR8520 TS6120 TS6220 TS8120 TS8220 TS9120 TS9520 TS6320 TS9521C (5 Pack),143.0
Australia,BEBEN Wireless Earbuds 36H Playtime Bluetooth Headphones with Mics and Charging Case for iPhone Android Waterproof Running Headphones for Gym Yoga Workout Hi-Fi Sound Over Ear Buds with Earhooks,143.0
Australia,Concord Import Member S Mark Premium Chunk Chicken Breast (12.5 Oz 6 Ct.) Wholesale Cheap Discount Bulk (1 - Pack) 900103,143.0
Australia,U MUST HAVE Amplified HD Digital TV Antenna Long 250+ Miles Range - Support 4K 8K 1080p Fire tv Stick and All TV's - Indoor Smart Switch Amplifier Signal Booster - 18ft Coax HDTV Cable/AC Adapter,143.0
Australia,TOZO T6 True Wireless Earbuds Bluetooth Headphones Touch Control with Wireless Charging Case IPX8 Waterproof Stereo Earphones in-Ear Built-in Mic Headset Premium Deep Bass for Sport White,143.0
Australia,Mounting Dream UL Listed TV Mount for Most 26-55 Inch TVs Full Motion TV Wall Mount with Perfect Center Design on Single Stud Articulating Mount Max VESA 400x400mm up to 77 LBS MD2413-MX,143.0
Australia,Virginia Diner - Gourmet Natural Classic Peanut Brittle (Virginia Peanuts Pure Sugar & Salt) 16 Ounce Tin,143.0
Australia,Peet's Coffee Dark Roast K-Cup Pods for Keurig Brewers - Major Dickason's Blend 75 Count (1 Box of 75 K-Cup Pods),143.0
Australia,RITUAL ZERO PROOF Rum Alternative | Award-Winning Non-Alcoholic Spirit | 25.4 Fl Oz (750ml) | Only 10 Calories | Keto Paleo & Low Carb Diet Friendly | Make Alcohol Free Cocktails,143.0
Australia,Dole Soft Serve Mix Lemon 4.40 Pound,143.0
Australia,Syncwire 3.5mm Nylon Braided Aux Cable (3.3ft/1mHi-Fi Sound) Audio Auxiliary Input Adapter Male to Male AUX Cord for Headphones Car Home Stereos Speaker iPhone iPad iPod Echo & More – Black,143.0
Australia,Roku Streaming Stick 4K 2021 | Streaming Device 4K/HDR/Dolby Vision with Roku Voice Remote and TV Controls,143.0
Panama,Atkins Endulge Treat Chocolate Coconut Bar. Rich Coconut & Decadent Chocolate. Keto-Friendly. Value Pack (10 Bars),165.0
Panama,4K HDMI Cable 2 Pack 6ft JSAUX 18Gbps High Speed HDMI 2.0 Braided HDMI Cord 4K 60Hz HDR HDCP 2.2 1080p 2160P Ethernet 3D Audio Return(ARC) Compatible for Monitor UHD TV PC PS5 PS4 Blu-ray -Red,165.0
Panama,Arcshell Rechargeable Long Range Two-Way Radios with Earpiece 6 Pack Walkie Talkies Li-ion Battery and Charger Included,165.0
Panama,6-Pack Organic Sunflower Haché - Single-Ingredient Meat Substitute - Gluten Soy and Dairy Free,165.0
Panama,Majority Bowfell Small Sound Bar for TV with Bluetooth RCA USB Opt AUX Connection Mini Sound/Audio System for TV Speakers/Home Theater Gaming Projectors 50 watt 15 inch,165.0
Panama,Gluten Free Fruit and Nut Bars | Chocolate Chip | Cookie Dough 12 Count (Pack of 1),165.0
Panama,NANW 4-Pack Screen Protector Case Compatible with Fitbit Sense/Versa 3 Soft TPU Plated Bumper Full Cover Protective Cases for Sense Smartwatch Scratch-Proof (Black/Charcoal/Blue/Clear),165.0
Panama,HighKey Low Carb Banana Nut Muffin Treats - 6.65oz Keto Snack Gluten Free Mini Muffins Healthy Zero Carb Diabetic Snack No Sugar Added Dessert Protein Cake Bites Sugar Free Sweets Diet Friendly Foods,165.0
Panama,TAGRY Bluetooth Headphones True Wireless Earbuds 60H Playback LED Power Display Earphones with Wireless Charging Case IPX5 Waterproof in-Ear Earbuds with Mic for TV Smart Phone Computer Laptop Sports,165.0
Panama,Rip Van WAFELS Dutch Caramel & Vanilla Stroopwafels - Healthy Snacks - Non GMO Snack - Keto Friendly - Office Snacks - Low Sugar (3g) - Low Calorie Snack - 12 Count (Packaging May Vary),165.0
Panama,Kindle Oasis – With adjustable warm light,165.0
Panama,Similac Alimentum with 2'-FL HMO Hypoallergenic Infant Formula for Food Allergies and Colic Suitable for Lactose Sensitivity Ready-to-Feed Baby Formula 32-oz Bottle (Case of 6),165.0
Panama,Brewmaster - AJ10E Flaked Corn (Maize) - 5 lb Bag,165.0
Panama,Perrier Blackberry Flavored Carbonated Mineral Water,165.0
Panama,SonicWall 1 Year 24x7 Support for TZ470 (02-SSC-6387),165.0
Panama,Ponkor Rechargeable Battery Packs for Xbox Series X|S/Xbox One 2x2600mAh Batteries with High-Speed Charging Station for Xbox One S/Xbox One X/Xbox One Elite Wireless Controller,165.0
Panama,Bluetooth 5.2 Wireless EarbudsKurdene S8 Deep Bass Sound 38H Playtime IPX8 Waterproof Earphones Call Clear with Microphone in-Ear Stereo Headphones Comfortable for iPhone Android,165.0
Panama,Original HP 962XL Black High-yield Ink Cartridge | Works with HP OfficeJet 9010 Series HP OfficeJet Pro 9010 9020 Series | Eligible for Instant Ink | 3JA03AN,165.0
Panama,Nestle Coffee mate Coffee Creamer Sweetened Original Concentrated Liquid Pump Bottle Non Dairy No Refrigeration 50.7 Fl. Oz (Pack of 2),165.0
Togo,Ring Spotlight Cam Battery HD Security Camera with Built Two-Way Talk and a Siren Alarm White Works with Alexa,177.0
Togo,Amazon Basics Full Motion Articulating TV Monitor Wall Mount for 22-55 Inch TVs and Flat Panels up to 80 Lbs Black,177.0
Togo,All Y'alls Foods Vegan Bacon Bits - Big and Crunchy - Plant Based Non-GMO Gluten Free High Protein (2-Pack),177.0
Togo,Benchmark Bouquets Signature Roses and Alstroemeria With Vase (Fresh Cut Flowers),177.0
Togo,2-Pack Julk 40mm Case for Apple Watch Series 6 / SE/Series 5 / Series 4 Screen Protector Overall Protective Case TPU HD Ultra-Thin Cover (1 Black+1 Transparent),177.0
Togo,Out of the Corner: A Memoir,177.0
Togo,Kindle Printed Cover - Library (10th Gen - 2019 release only—will not fit Kindle Paperwhite or Kindle Oasis).,177.0
Togo,Humminbird 410160-1 PIRANHAMAX 4 DI (Down Imaging) Fish Finder Black,177.0
Togo,Garmin dezl OTR700 7-inch GPS Truck Navigator Easy-to-read Touchscreen Display Custom Truck Routing and Load-to-dock Guidance 7 Inch,177.0
Togo,Wireless Earbuds COTOGNI True Wireless Bluetooth Earbuds Headphones Stereo Sound Earphones with Type C Charging CaseMic IPX6 Waterproof Touch Control (White),177.0
Togo,RAPID FIRE Ketogenic Collagen Creamer with MCT Oil for Coffee or Tea Supports Energy and Metabolism Weight Loss Diet for Hair Skin & Nails 7.55 Oz,177.0
Togo,Gatorade Zero Sugar Thirst Quencher Glacier Cherry Variety Pack 12 Fl Oz Pack of 24,177.0
Togo,Oh Boy! Oberto Classics Cocktail Pep Smoked Sausages 3 Ounce (Pack of 8),177.0
Togo,Midland - LXT600VP3 36 Channel FRS Two-Way Radio - Up to 30 Mile Range Walkie Talkie 121 Privacy Codes NOAA Weather Scan + Alert (Pair Pack) (Black),177.0
Togo,Nut Harvest Cocoa Dusted Almonds 36 oz,177.0
Togo,3x Mangrove Jack’s Craft Series Mead Yeast M05 (10g),177.0
Togo,Switch Charger for Nintendo Switch Power Charger Cable Adapter Fast Charger Compatible Nintendo Switch/Switch Lite/Switch OLED and Android Phone Charger 15V 2.6A Output Support TV Mode,177.0
Togo,Nestle NIDO Lacto-Ease Toddler Powdered Milk Beverage - 28.2 Oz Canister - Toddler Drink Mix,177.0
Togo,Yupik Raw Shelled Seeds Pumpkin Seeds/Pepitas 1 lb,177.0
Togo,Security Camera Outdoor Wireless Battery Powered1080P WiFi Indoor Home System with IP67 WaterproofNight Vision2-Way AudioSiren AlarmMotion SensorSchedulable Working Time- Soliom B06,177.0
Italy,Belvita Cinnamon Brown Sugar Breakfast Biscuits 6 Boxes of 5 Packs (4 Biscuits Per Pack),179.0
Ecuador,Belvita Cinnamon Brown Sugar Breakfast Biscuits 6 Boxes of 5 Packs (4 Biscuits Per Pack),179.0
Italy,Pwr TV Power Cord 12Ft Cable for Samsung LG TCL Sony: 2 Prong AC Wall Plug 2-Slot LED LCD Insignia Sharp Toshiba JVC Hisense Electronics UN65KS8000FXZA UN40J5200AFXZA 43UH6100 Black,179.0
Ecuador,Pwr TV Power Cord 12Ft Cable for Samsung LG TCL Sony: 2 Prong AC Wall Plug 2-Slot LED LCD Insignia Sharp Toshiba JVC Hisense Electronics UN65KS8000FXZA UN40J5200AFXZA 43UH6100 Black,179.0
Italy,Loma Linda - Plant-Based - Vegetable Skallops (20 oz.) (Pack of 3) - Kosher,179.0
Ecuador,Loma Linda - Plant-Based - Vegetable Skallops (20 oz.) (Pack of 3) - Kosher,179.0
Italy,2021 Apple 10.2-inch iPad (Wi-Fi 64GB) - Space Gray,179.0
Ecuador,2021 Apple 10.2-inch iPad (Wi-Fi 64GB) - Space Gray,179.0
Italy,Traeger Grills MIX002 Smoked Bloody Mary Mix,179.0
Ecuador,Traeger Grills MIX002 Smoked Bloody Mary Mix,179.0
Italy,Tile Starter Pack (2022) 2-Pack (Mate/Slim). Bluetooth Tracker Item Locator & Finder for Keys Wallets & More; Easily Find All Your Things. Water-Resistant. Phone Finder. iOS and Android Compatible,179.0
Ecuador,Tile Starter Pack (2022) 2-Pack (Mate/Slim). Bluetooth Tracker Item Locator & Finder for Keys Wallets & More; Easily Find All Your Things. Water-Resistant. Phone Finder. iOS and Android Compatible,179.0
Italy,Kizami Shoga (Pickled Ginger) - 12oz (12oz (Pack of 2)),179.0
Ecuador,Kizami Shoga (Pickled Ginger) - 12oz (12oz (Pack of 2)),179.0
Italy,Pepperwood Organic Stone-Ground Ethiopian Sesame Tahini Paste Hulled Unsalted Non-GMO Gluten-Free Kosher Vegan USDA Organic Peanut-Free 6.6lb Bucket,179.0
Ecuador,Pepperwood Organic Stone-Ground Ethiopian Sesame Tahini Paste Hulled Unsalted Non-GMO Gluten-Free Kosher Vegan USDA Organic Peanut-Free 6.6lb Bucket,179.0
Italy,Blink Outdoor + Solar Panel Charging Mount – wireless HD smart security camera solar-powered motion detection – 1 Camera Kit,179.0
Ecuador,Blink Outdoor + Solar Panel Charging Mount – wireless HD smart security camera solar-powered motion detection – 1 Camera Kit,179.0
Italy,Smiling Case Compatible with Apple Watch Series 6/SE/Series 5/Series 4 40mm with Built in Tempered Glass Screen Protector Overall Protective Hard PC Case Ultra-Thin Cover-Black,179.0
Ecuador,Smiling Case Compatible with Apple Watch Series 6/SE/Series 5/Series 4 40mm with Built in Tempered Glass Screen Protector Overall Protective Hard PC Case Ultra-Thin Cover-Black,179.0
Italy,Plum Organics Baby Food Pouch | Stage 1 | Just Prunes | 4 Ounce | 12 Pack | Organic Food Squeeze for Babies Kids Toddlers,179.0
Ecuador,Plum Organics Baby Food Pouch | Stage 1 | Just Prunes | 4 Ounce | 12 Pack | Organic Food Squeeze for Babies Kids Toddlers,179.0
Italy,Wylers Authentic Italian Ices (20) 1.5oz (Berry & Cherry),179.0
Ecuador,Wylers Authentic Italian Ices (20) 1.5oz (Berry & Cherry),179.0
Italy,iPhone ChargerZUQIETA 3Pack (Apple MFi Certified) Lightning Cable Data Sync Charging Cords with 3Pack USB Wall Charger Travel Plug Adapter Compatible iPhone 12 Pro/11 Pro/Xs/XR/X/8/8Plus and More,179.0
Ecuador,iPhone ChargerZUQIETA 3Pack (Apple MFi Certified) Lightning Cable Data Sync Charging Cords with 3Pack USB Wall Charger Travel Plug Adapter Compatible iPhone 12 Pro/11 Pro/Xs/XR/X/8/8Plus and More,179.0
Italy,Motorola T100 Talkabout Radio 2 Pack,179.0
Ecuador,Motorola T100 Talkabout Radio 2 Pack,179.0
Italy,Healthy Snacks Care Package Grab And Go Variety Pack (20 Count) - College Students Final Exam Office Spring,179.0
Ecuador,Healthy Snacks Care Package Grab And Go Variety Pack (20 Count) - College Students Final Exam Office Spring,179.0
Italy,USB-C to USB A Cable 3A Fast Charging 2-Pack 6.6ft JSAUX USB Type C Charger Braided Cord Compatible with Samsung Galaxy S10 S9 S8 S20 Plus A51 A12 A11 Note 10 9 8 PS5 Controller USB C Charger-Red,179.0
Ecuador,USB-C to USB A Cable 3A Fast Charging 2-Pack 6.6ft JSAUX USB Type C Charger Braided Cord Compatible with Samsung Galaxy S10 S9 S8 S20 Plus A51 A12 A11 Note 10 9 8 PS5 Controller USB C Charger-Red,179.0
Italy,Wyler's Wylers Authentic Italian Ices (Assorted & Berry Cherry Flavors) ((40) 1.5oz bars (2/20ct boxes)) 20 Count (),179.0
Ecuador,Wyler's Wylers Authentic Italian Ices (Assorted & Berry Cherry Flavors) ((40) 1.5oz bars (2/20ct boxes)) 20 Count (),179.0
Italy,PLANT BOSS Mild Plant Taco Crumbles | Organic Meatless Crumbles | 15g Protein Per Serving | Soy-Free | 3.35 oz bag | Pack of 6,179.0
Ecuador,PLANT BOSS Mild Plant Taco Crumbles | Organic Meatless Crumbles | 15g Protein Per Serving | Soy-Free | 3.35 oz bag | Pack of 6,179.0
Italy,Canon Pixma MG3620 Wireless All-In-One Color Inkjet Printer with Mobile and Tablet Printing Black 2.6,179.0
Ecuador,Canon Pixma MG3620 Wireless All-In-One Color Inkjet Printer with Mobile and Tablet Printing Black 2.6,179.0
Italy,Mexican Candy Mix Assortment Snack (42 Count) Dulces Mexicanos Variety Of Best Sellers Spicy Sweet and Sour Bulk candies Includes Luca Candy Pelon Pulparindo Rellerindo by JVR TRADE,179.0
Ecuador,Mexican Candy Mix Assortment Snack (42 Count) Dulces Mexicanos Variety Of Best Sellers Spicy Sweet and Sour Bulk candies Includes Luca Candy Pelon Pulparindo Rellerindo by JVR TRADE,179.0
Italy,MP-MALL 6 Pack Screen Protector Compatible with Apple Watch 40mm Series 6 5 4 and Apple Watch SE 40mm Flexible TPU Film Bubble-Free for iWatch 4 5 6 SE 40mm,179.0
Ecuador,MP-MALL 6 Pack Screen Protector Compatible with Apple Watch 40mm Series 6 5 4 and Apple Watch SE 40mm Flexible TPU Film Bubble-Free for iWatch 4 5 6 SE 40mm,179.0
Italy,WYZE Cam Outdoor Starter Bundle (Includes Base Station and 1 Camera) 1080p HD Indoor/Outdoor Wire-Free Smart Home Camera with Night Vision 2-Way Audio Works with Alexa & Google Assistant white,179.0
Ecuador,WYZE Cam Outdoor Starter Bundle (Includes Base Station and 1 Camera) 1080p HD Indoor/Outdoor Wire-Free Smart Home Camera with Night Vision 2-Way Audio Works with Alexa & Google Assistant white,179.0
Italy,Brewmaster AD3955LB Lactose - 5 lb Bag,179.0
Ecuador,Brewmaster AD3955LB Lactose - 5 lb Bag,179.0
Italy,Minn Kota Replacement Transmitter,179.0
Ecuador,Minn Kota Replacement Transmitter,179.0
Italy,Apple EarPods with 3.5mm Headphone Plug - White,179.0
Ecuador,Apple EarPods with 3.5mm Headphone Plug - White,179.0
Italy,BaoFeng BTECH BL-5L 3800mAh Li-ion Battery Pack High Capacity Extended Battery for UV-5X3 BF-F8HP and UV-5R Radios (BL-5 BaoFeng Battery Series),179.0
Ecuador,BaoFeng BTECH BL-5L 3800mAh Li-ion Battery Pack High Capacity Extended Battery for UV-5X3 BF-F8HP and UV-5R Radios (BL-5 BaoFeng Battery Series),179.0
Italy,Gluten-Free Egg Roll or Wonton Wrap Mix,179.0
Ecuador,Gluten-Free Egg Roll or Wonton Wrap Mix,179.0
Italy,Seedlip - Non-Alcoholic Spirits Trio Bundle | Grove 42 Garden 108 and Spice 94 | Calorie Free Sugar Free | Spirit Alternative | Alcohol Free Cocktails | 23.7 fl oz (Pack of 3 700ml),179.0
Ecuador,Seedlip - Non-Alcoholic Spirits Trio Bundle | Grove 42 Garden 108 and Spice 94 | Calorie Free Sugar Free | Spirit Alternative | Alcohol Free Cocktails | 23.7 fl oz (Pack of 3 700ml),179.0
Italy,Calico Kitten Crassula (2 inch) | Live Healthy Unique Pink Trailing Succulents for Home Office Decoration,179.0
Ecuador,Calico Kitten Crassula (2 inch) | Live Healthy Unique Pink Trailing Succulents for Home Office Decoration,179.0
Cameroon,Kirkland Signature Praline Pecans 2.5lb (Family Bundle),188.0
Cameroon,BOSS Audio Systems MRC10 Marine Waterproof Radio Cover White,188.0
Cameroon,Earth's Best Organic Sesame Street Toddler Snacks Letter of the Day Cookies Oatmeal Cinnamon 5.3 Oz Box (Pack of 6),188.0
Cameroon,eufy Security Battery Video Doorbell Kit Wire-Free Doorbell Free Wireless Chime Wi-Fi Connectivity 1080p-Grade Resolution No Monthly Fees 120-day Battery AI Detection 2-Way Audio,188.0
Cameroon,MagJo Naturals Whole Dried Juniper Berries Wild-Crafted Bulk 1 lb (1 package),188.0
Cameroon,Gerber 2nd Food Baby Food Apple Puree Natural & Non-GMO 4 Ounce Tubs 2-Pack (Pack of 8),188.0
Cameroon,JMDHKK Anti Spy Detector Bug Detector Hidden Camera Detectors GPS Detector RF Signal Scanner Device Detector for GPS Tracker Listening Device Camera Finder,188.0
Cameroon,KIDS MRE (for a BOY) * Full Meal * Several Entrée Options w/ Play Pack & more! (11.25oz Beef Chili w/Beans (not spicy)),188.0
Cameroon,That's it. Apple + Blueberry 100% Natural Real Fruit Bar Best High Fiber Vegan Gluten Free Healthy Snack Paleo for Children & Adults Non GMO No Sugar Added No Preservatives Energy Food (12 Pack),188.0
Cameroon,Green Mountain Coffee Roasters Caramel Vanilla Cream Single-Serve Keurig K-Cup Pods Flavored Light Roast Coffee Pods 32 Count,188.0
Cameroon,Bigelow Assorted Black and Green Teas Variety Pack Caffeinated 18 Count (Pack of 6) 108 Total Tea Bags (Packaging and Flavor Assortment May Vary),188.0
Cameroon,LaView 1080P HD Pet Camera Mini Indoor Security Camera with Night Vision and Motion Tracking WiFi Home Camera Compatible with Alexa,188.0
Cameroon,Amazon Brand - Happy Belly Roasted Lightly Salted Almonds Multi-Pack 24 Count,188.0
Cameroon,Barsmith Bar Essentials Dirty Martini Mix with Freshly Pressed Olives Rich and Salty Flavor 12.7-oz. Bottle Pack of 1,188.0
Cameroon,Blue Diamond Almonds Spicy Dill Pickle Flavored Snack Nuts 6 Oz Resealable Can (Pack of 1),188.0
Cameroon,Healthy Snacks Care Package (Count 30) - Discover a whole new world of Healthy Snacks - Snack Variety Women Men Adult Kid Teens Christmas Gift Basket,188.0
Cameroon,amFilm Tempered Glass Screen Protector for Nintendo Switch 2017 (2-Pack),188.0
Cameroon,St Regis Cabernet Sauvignon (non alcoholic wine),188.0
Cameroon,Califia Farms - Almond Milk Original Barista Blend 32 Oz (Pack of 6) | Shelf Stable | Dairy Free | Nut Milk | Creamer | Plant Based | Vegan | Non-GMO | Gluten Free,188.0
Cameroon,InstallGear 1/0 Gauge AWG CCA Power Ground Wire Cable (50ft Black & Red) Welding Wire Battery Cable Automotive RV Wiring Car Audio Speaker Stereo,188.0
Cameroon,SUPCASE Unicorn Beetle Pro Designed for Apple Watch Series 7/6/SE/5/4 45/44mm Rugged Protective Case with Strap Bands,188.0
Cameroon,Ailun Screen Protector Compatible for iPhone 11 Pro Max/iPhone Xs Max 3 Pack 6.5 Inch 2019/2018 Release Case Friendly Tempered Glass,188.0
Cameroon,Sambazon Organic Acai Berry Sorbet 3 Gallon Scoopable Tub -- 1 each.,188.0
Cameroon,Anker Soundcore Life Q20 Hybrid Active Noise Cancelling Headphones Wireless Over Ear Bluetooth Headphones 40H Playtime Hi-Res Audio Deep Bass Memory Foam Ear Cups for Travel Home Office,188.0
Cameroon,TEMPEH - Organic Made in Vermont 32 oz (2 Lbs) - case of 4,188.0
Cameroon,Logitech Lift Left Vertical Ergonomic Mouse Left-Handed Wireless Bluetooth or Logi Bolt USB Quiet clicks 4 Buttons Compatible with Windows/macOS/iPadOS Laptop PC - Graphite,188.0
Jamaica,TOZO T10 Bluetooth 5.0 Wireless Earbuds with Wireless Charging Case IPX8 Waterproof Stereo Headphones in Ear Built in Mic Headset Premium Sound with Deep Bass for Sport Black,189.0
Jamaica,Good It's Gluten Free Korean Chili Meal Kit for 2 - Gluten Free Dairy Free & Egg Free Batter Seasoned Flour & Sauce - 100% Traceable Ingredients,189.0
Jamaica,4 Pack iVoler Tempered Glass Screen Protector Designed for Nintendo Switch OLED Model 2021 with Alignment FrameTransparent HD ClearUpdated VersionScreen Protector for Nintendo Switch OLED 7'',189.0
Jamaica,Whisps Cheese Crisps - Parmesan Asiago and Cheddar Cheese Snacks Keto Snacks 22-29g of Protein Per Bag Low Carb Gluten & Sugar Free Great Tasting Healthy Snack All Natural Cheese Crisps - Variety 2.12 Oz (Pack of 3),189.0
Jamaica,Snyder's of Hanover Gluten Free Mini Pretzels 8 Ounce (Pack of 12),189.0
Jamaica,Blue Diamond Almonds Oven Roasted Dark Chocolate Flavored Snack Nuts 25 Oz Resealable Bag (Pack of 1),189.0
Jamaica,Fire TV Stick with Alexa Voice Remote (includes TV controls) HD streaming device,189.0
Jamaica,Wyler's Berry And Cherry Mix Italian Ices 80 Ounce Box (2 Ounce Bars Total Of 40 Bars),189.0
Jamaica,Belvita Blueberry Breakfast Biscuits 6 Boxes of 5 Packs (4 Biscuits Per Pack),189.0
Jamaica,Kids Headphones - noot products K11 Foldable Stereo Tangle-Free 3.5mm Jack Wired Cord On-Ear Headset for Children/Teens/Boys/Girls/Smartphones/School/Kindle/Airplane Travel/Plane/Tablet (Navy/Teal),189.0
Jamaica,Gerber Baby Snacks Puffs Apple Cinnamon 1.48 Ounce (Pack of 6),189.0
Jamaica,Raw Brazil Nuts 32oz (2 Pounds) Distinct and Superior to Natural and Raw | No PPO | Non GMO | Vegan and Keto Friendly | LargeFresh and Reasealable bag,189.0
Jamaica,GE CYNC Smart Bulbs and Indoor Camera Bundle (2 Full Color A19 Smart Bulbs + 1 Indoor Smart Camera) Bluetooth and Wi-Fi Enabled Compatible with Alexa and Google No Hub Required,189.0
Jamaica,ORGANIC Prunes - Sunny Fruit - (5) 1.06oz Portion Packs per Bag | Purely Dried Plums - NO Added Sugars Sulfurs or Preservatives | NON-GMO VEGAN & HALAL,189.0
Jamaica,Beats Studio3 Wireless Noise Cancelling Over-Ear Headphones - Apple W1 Headphone Chip Class 1 Bluetooth 22 Hours of Listening Time Built-in Microphone - Matte Black (Latest Model),189.0
Jamaica,Mentos Sugar-Free Chewing Gum Bubble Fresh Cotton Candy Holiday Candy Bulk 45 Piece Bottle (Pack of 4),189.0
Jamaica,BOSS Audio Systems AVA6200 Enclosed Speaker System - 3-Way 200 Watts Max Power Per Pair,189.0
Somalia,Micro Ingredients Organic Coconut Milk Powder 2 Pound (32 Ounce) Plant-Based Creamer Perfect for Coffee Tea and Smoothie Non-GMO and Keto Friendly,190.0
Somalia,Danish Cookies,190.0
Somalia,McCormick Salt & Pepper Grinder Variety Pack (Himalayan Pink Salt Sea Salt Black Peppercorn Peppercorn Medley) 0.05 lb,190.0
Somalia,DualShock 4 Wireless Controller for PlayStation 4 - Glacier White,190.0
Somalia,Vyncs - GPS Tracker for Vehicles 4G No Monthly Fee Vehicle Location Trip History Driving Alerts GeoFence Fuel Economy OBD Fault Codes USA-Developed Family or Fleets Activation Fee Required,190.0
Somalia,Kindle Paperwhite Signature Edition Essentials Bundle including Kindle Paperwhite Signature Edition - Wifi Without Ads Amazon Cork Cover and Wireless charging dock,190.0
Somalia,Gskyer Telescope 70mm Aperture 400mm AZ Mount Astronomical Refracting Telescope for Kids Beginners - Travel Telescope with Carry Bag Phone Adapter and Wireless Remote,190.0
Somalia,Nestle Coffee mate Coffee Creamer Italian Sweet Crème Liquid Creamer Singles Non Dairy No Refrigeration Box of 180,190.0
Somalia,Big-Autoparts 2 Replacement Keyless Entry Remote Key Fob Clicker Transmitter for Ford 1998-2016 F-150 F-250 F-350 Mazda Mercury Lincoln - 3 Button,190.0
Somalia,Angostura Aromatic Cocktail Bitters 16 Fl Oz,190.0
Somalia,OHCBOOGIE Stretchy Solo Loop Strap Compatible with Apple Watch Bands 38mm 40mm 41mm Adjustable Stretch Braided Elastics Weave Nylon Women Men for iWatch Series7/6/5/4/3/2/1 SEGreen Arrow,190.0
Somalia,Stargazer Barn- Impressive Rainbow Bouquet - 30 Stems Of Fresh Tulips,190.0
Somalia,OUHENG Compatible with Apple Watch Band 41mm 40mm 38mm Genuine Leather Band Replacement Strap Compatible with Apple Watch Series 7/6/5/4/3/2/1/SE Army Green Band with Black Adapter,190.0
Somalia,HOTT CD204 Portable CD Player Personal Compact CD Player with Headphones Anti-Skip/Shockproof for Home Travel and Car Small Music CD Walkman with LCD Display for Adults Students Kids-Black,190.0
Somalia,GPX PC332B Portable CD Player with Anti-Skip Protection FM Radio and Stereo Earbuds - Black,190.0
Somalia,Pyle Marine Speakers - 5.25 Inch 2 Way Waterproof and Weather Resistant Outdoor Audio Stereo Sound System with LED Lights 180 Watt Power and Low Profile Slim Style - 1 Pair - PLMRS53BL (Black),190.0
Somalia,Wonderful Pistachios No Shells Roasted and Salted Nuts 0.75 Ounce (Pack of 9),190.0
Somalia,Loma Linda - Plant-Based - Big Franks (20 oz.) (Pack of 6) - Kosher,190.0
Somalia,Rockford Fosgate R1675X2 Prime 6.75-Inch Full Range 2-Way Coaxial Speaker - Set of 2,190.0
Somalia,The Miracle Meal Pre-filled Communion Cups and Wafer Set - Box of 250 x 3 - with 100% Trusted Concord Grape Juice & Wafer - Made in the USA - Premium Quality Guaranteed,190.0
Somalia,Adjunct - Sweet Orange Peel - 1 lb,190.0
Somalia,Dsytom 3 Pack Elastic Band Compatible with Apple Watch Bands 38mm 41mm 40mm 42mm 44mm 45mm Adjustable Stretchy Nylon bands Replacement Wristband for iWatch Series 7 /6/5/4/3/2/1 SE Strap for Women,190.0
Somalia,Blue Diamond Almonds Oven Roasted Dark Chocolate Flavored Snack Nuts 25 Oz Resealable Bag (Pack of 1),190.0
Somalia,PopSockets Black Phone Grip,190.0
Somalia,Blue Diamond Almonds Spicy Dill Pickle Flavored Snack Nuts 6 Oz Resealable Can (Pack of 1),190.0
Somalia,Sunbelt Bakery Oats and Honey Chewy Granola Bars Value Pack (15 Count),190.0
Somalia,North Mountain Supply - WT-1lb Wine Tannin - 1 Pound Jar,190.0
Somalia,Authentic Genuine Nagoya NA-771 15.6-Inch Whip VHF/UHF (144/430Mhz) Antenna SMA-Female for BTECH and BaoFeng Radios,190.0
Somalia,TCL 40-inch 1080p Smart LED Roku TV - 40S325 2019 Model  Black,190.0
Somalia,3.5 oz Dan-O’s Original Seasoning | All-Natural Low Sodium Zero Sugar All-Purpose Seasoning,190.0
United Kingdom,Finest Call Premium Pure Cane Sugar Simple Syrup Mix 1 Liter Bottle (33.8 Fl Oz) Individually Boxed,195.0
United Kingdom,Astronaut Foods Freeze-Dried Ice Cream Sandwich NASA Space Dessert Variety Pack with Vanilla and Neapolitan 6 Count,195.0
United Kingdom,Cerebelly Baby Food Pouch – Broccoli Pear Organic Fruit & Veggie Purees Great Snack for Toddlers 16 Brain-supporting Nutrients from Superfoods No Added Sugar,195.0
United Kingdom,Silk Shelf-Stable Almond Milk Unsweetened Vanilla Dairy-Free Vegan Non-GMO Project Verified 1 Quart (Pack of 6),195.0
United Kingdom,WiFi Security Cameras-DEKCO 1080p Pan Rotating 180° Wired Outdoor Security Cameras with Night Vision Two-Way Audio 2.4G WiFi IP65 Motion Detection Alarm (1Pack),195.0
United Kingdom,Nature Nate's 100% Guarantee Pure Raw & Unfiltered Honey No-Drip Sustainable Squeeze Pouch 16 Oz (Pack of 2),195.0
United Kingdom,Maledan 6 Pack Bands Compatible with Apple Watch Band 40mm 38mm 44mm 42mm 41mm 45mm Women Men Soft Silicone Waterproof Sport Strap Replacement Wristbands for iWatch Series 7 6 5 4 3 2 1 SE,195.0
United Kingdom,Jack Link's Beef Jerky 5 Count Multipack Bags - Flavorful Meat Snack for Lunches Ready to Eat - 7g of Protein Made with Premium Beef - Original 0.625 Oz Bags (Packaging May Vary),195.0
United Kingdom,Fermentis Safale S-04 Multicolor (3 ct.11.5 g Packs),195.0
United Kingdom,BOSS Audio Systems KIT2 8 Gauge Amplifier Installation Wiring Kit - A Car Amplifier Wiring Kit Helps You Make Connections and Brings Power To Your Radio Subwoofers and Speakers,195.0
United Kingdom,Roland Foods Dried Mixed Wild Mushrooms Specialty Imported Food 1Pound  16 Ounce,195.0
United Kingdom,Award Winning Organic Date Syrup 3 lb Squeeze Bottle | 1 ingredient:100% Dates. Vegan Paleo Gluten-free & Kosher | Also Known As Silan Date Honey and Date Nectar,195.0
United Kingdom,KIND Protein Bars Almond Butter Dark Chocolate Gluten Free 12g Protein,195.0
United Kingdom,Junket Ice Cream Mix Bundle - 2 Vanilla 2 Chocolate 2 Strawberry (6 Total),195.0
United Kingdom,Brother Genuine Cartridge TN760 High Yield Black Toner1 Pack,195.0
United Kingdom,Liquid I.V. Hydration Multiplier - Watermelon - Hydration Powder Packets | Electrolyte Drink Mix | Easy Open Single-Serving Stick | Non-GMO | 16 Sticks,195.0
United Kingdom,Enfamil NeuroPro Baby Formula Triple Prebiotic Immune Blend with 2'FL HMO & Expert Recommended Omega-3 DHA Inspired by Breast Milk Non-GMO Reusable Tub 20.7 Oz (Packaging May Vary),195.0
United Kingdom,Original HP 910XL Black High-yield Ink Cartridge | Works with HP OfficeJet 8010 8020 Series HP OfficeJet Pro 8020 8030 Series | Eligible for Instant Ink | 3YL65AN,195.0
United Kingdom,Chinese Style Sausage (Lap Xuong Thuong Hang) - 14oz Pack of 1,195.0
United Kingdom,Jabra Elite 3 in Ear Wireless Bluetooth Earbuds – Noise Isolating True Wireless Buds with 4 Built-in Microphones for Clear Calls Rich Bass Customizable Sound and Mono Mode - Dark Grey,195.0
United Kingdom,Wonderful Pistachios Roasted and Salted Nuts 1.5 Ounce Bag (Pack of 9),195.0
United Kingdom,70mai Smart Dash Cam 1S 1080P Full HD Smart Dash Camera for Cars Sony IMX307 Built-in G-Sensor WDR Powerful Night Vision,195.0
United Kingdom,200Pcs Teens Hero Stickers Superhero Stickers Waterproof Comic Legends Theme Decals for Laptop Avengers Stickers Aesthetic Vinyl Stickers for Hydroflask Water Bottles Guitar Skateboard Luggage Bike,195.0
United Kingdom,HORMEL COMPLEATS Salisbury Steak Microwave Tray 9 oz. (6 Pack),195.0
United Kingdom,nutpods Variety Pack (4-Pack) Original French Vanilla Hazelnut and Caramel Unsweetened Dairy-Free Creamer Made from Almonds and Coconuts Whole30 Gluten Free Non-GMO Vegan Kosher,195.0
United Kingdom,SEAWORTHY INNOVATIONS Stern Pad Jumbo White - Screwless Transducer/Acc. Mounting Kit (for Large 3D Scan Transducers),195.0
United Kingdom,Mother's Recipe Goan Chicken Xacuti,195.0
United Kingdom,Garmin Edge 530 Performance GPS Cycling/Bike Computer with Mapping Dynamic Performance Monitoring and Popularity Routing,195.0
United Kingdom,Wireless Pro Controller Compatible with Switch/Switch Lite YCCTEAM Remote Gamepad Joystick with NFC Double Vibration and Wake up Function,195.0
United Kingdom,USDA Organic Grass Fed Ghee and Coconut Oil Blend 12oz Compare our cost per oz and Certified Organic Carrington Farms,195.0
United Kingdom,Coffee-mate Nestle Coffee Creamer Caramel Latte Pack of 6 (15 Ounce),195.0
United Kingdom,Aurelia's Spanish Chorizo - All-Natural Keto Friendly Fully Cooked Sausage w/ the Full Flavor of Spain. No Gluten. Whole 30 & Paleo Friendly - 8oz,195.0
United Kingdom,FORTINET FortiGate-60F 3YR Advanced Threat Protection License (FC-10-0060F-928-02-36),195.0
United Kingdom,Garmin Forerunner 945 Premium GPS Running/Triathlon Smartwatch with Music Black,195.0
Mali,livho 2 Pack Blue Light Blocking Glasses Computer Reading/Gaming/TV/Phones Glasses for Women MenAnti Eyestrain & UV Glare (Light Black+Clear),196.0
Egypt,livho 2 Pack Blue Light Blocking Glasses Computer Reading/Gaming/TV/Phones Glasses for Women MenAnti Eyestrain & UV Glare (Light Black+Clear),196.0
South Korea,livho 2 Pack Blue Light Blocking Glasses Computer Reading/Gaming/TV/Phones Glasses for Women MenAnti Eyestrain & UV Glare (Light Black+Clear),196.0
Chile,livho 2 Pack Blue Light Blocking Glasses Computer Reading/Gaming/TV/Phones Glasses for Women MenAnti Eyestrain & UV Glare (Light Black+Clear),196.0
Mali,Loma Linda - Plant-Based - FriChik (12.5 oz.) - Kosher,196.0
Egypt,Loma Linda - Plant-Based - FriChik (12.5 oz.) - Kosher,196.0
South Korea,Loma Linda - Plant-Based - FriChik (12.5 oz.) - Kosher,196.0
Chile,Loma Linda - Plant-Based - FriChik (12.5 oz.) - Kosher,196.0
Mali,Tamale - Tamal de Frijol – Bean Tamale | ready to eat (250g / 8.8 Oz) | no refrigeration required | Sugar Free By El Carmen (6 Pack),196.0
Egypt,Tamale - Tamal de Frijol – Bean Tamale | ready to eat (250g / 8.8 Oz) | no refrigeration required | Sugar Free By El Carmen (6 Pack),196.0
South Korea,Tamale - Tamal de Frijol – Bean Tamale | ready to eat (250g / 8.8 Oz) | no refrigeration required | Sugar Free By El Carmen (6 Pack),196.0
Chile,Tamale - Tamal de Frijol – Bean Tamale | ready to eat (250g / 8.8 Oz) | no refrigeration required | Sugar Free By El Carmen (6 Pack),196.0
Mali,Kindle Oasis – With adjustable warm light,196.0
Egypt,Kindle Oasis – With adjustable warm light,196.0
South Korea,Kindle Oasis – With adjustable warm light,196.0
Chile,Kindle Oasis – With adjustable warm light,196.0
Mali,EPULY Compatible with Apple Watch Band 42mm 44mm 45mm 38mm 40mm 41mm Business Stainless Steel Metal Watchband for iWatch SE Series 7 6 5 4 3 2 1 for Men Women (Black 41mm 40mm 38mm),196.0
Egypt,EPULY Compatible with Apple Watch Band 42mm 44mm 45mm 38mm 40mm 41mm Business Stainless Steel Metal Watchband for iWatch SE Series 7 6 5 4 3 2 1 for Men Women (Black 41mm 40mm 38mm),196.0
South Korea,EPULY Compatible with Apple Watch Band 42mm 44mm 45mm 38mm 40mm 41mm Business Stainless Steel Metal Watchband for iWatch SE Series 7 6 5 4 3 2 1 for Men Women (Black 41mm 40mm 38mm),196.0
Chile,EPULY Compatible with Apple Watch Band 42mm 44mm 45mm 38mm 40mm 41mm Business Stainless Steel Metal Watchband for iWatch SE Series 7 6 5 4 3 2 1 for Men Women (Black 41mm 40mm 38mm),196.0
Mali,Pipishell TV Wall Mount for 26-55 inch TVs Full Motion TV Mount Bracket with Articulating Swivel Extension Tilting Leveling Max VESA 400x400mm Holds up to 99lbs for LED LCD OLED 4K Flat Curved Screen,196.0
Egypt,Pipishell TV Wall Mount for 26-55 inch TVs Full Motion TV Mount Bracket with Articulating Swivel Extension Tilting Leveling Max VESA 400x400mm Holds up to 99lbs for LED LCD OLED 4K Flat Curved Screen,196.0
South Korea,Pipishell TV Wall Mount for 26-55 inch TVs Full Motion TV Mount Bracket with Articulating Swivel Extension Tilting Leveling Max VESA 400x400mm Holds up to 99lbs for LED LCD OLED 4K Flat Curved Screen,196.0
Chile,Pipishell TV Wall Mount for 26-55 inch TVs Full Motion TV Mount Bracket with Articulating Swivel Extension Tilting Leveling Max VESA 400x400mm Holds up to 99lbs for LED LCD OLED 4K Flat Curved Screen,196.0
Mali,Honey Stinger Organic Short Stack Maple Waffle | Energy Stroopwafel for Exercise Endurance and Performance | Sports Nutrition for Home & Gym Pre and Post Workout | Box of 12 Waffles 12.72 Ounce,196.0
Egypt,Honey Stinger Organic Short Stack Maple Waffle | Energy Stroopwafel for Exercise Endurance and Performance | Sports Nutrition for Home & Gym Pre and Post Workout | Box of 12 Waffles 12.72 Ounce,196.0
South Korea,Honey Stinger Organic Short Stack Maple Waffle | Energy Stroopwafel for Exercise Endurance and Performance | Sports Nutrition for Home & Gym Pre and Post Workout | Box of 12 Waffles 12.72 Ounce,196.0
Chile,Honey Stinger Organic Short Stack Maple Waffle | Energy Stroopwafel for Exercise Endurance and Performance | Sports Nutrition for Home & Gym Pre and Post Workout | Box of 12 Waffles 12.72 Ounce,196.0
Mali,Blink Outdoor – 5 camera kit with Blink Mini,196.0
Egypt,Blink Outdoor – 5 camera kit with Blink Mini,196.0
South Korea,Blink Outdoor – 5 camera kit with Blink Mini,196.0
Chile,Blink Outdoor – 5 camera kit with Blink Mini,196.0
Mali,Car Backup Camera Rear View Camera Ultra HD 12 LED Night Vision Waterproof Reverse Camera 140° Wide View Angel with Multiple Mount Brackets for Universal Cars SUV Trucks RV and More,196.0
Egypt,Car Backup Camera Rear View Camera Ultra HD 12 LED Night Vision Waterproof Reverse Camera 140° Wide View Angel with Multiple Mount Brackets for Universal Cars SUV Trucks RV and More,196.0
South Korea,Car Backup Camera Rear View Camera Ultra HD 12 LED Night Vision Waterproof Reverse Camera 140° Wide View Angel with Multiple Mount Brackets for Universal Cars SUV Trucks RV and More,196.0
Chile,Car Backup Camera Rear View Camera Ultra HD 12 LED Night Vision Waterproof Reverse Camera 140° Wide View Angel with Multiple Mount Brackets for Universal Cars SUV Trucks RV and More,196.0
Mali,Kraft Original Macaroni & Cheese Dinner (4 ct Pack 7.25 oz Boxes),196.0
Egypt,Kraft Original Macaroni & Cheese Dinner (4 ct Pack 7.25 oz Boxes),196.0
South Korea,Kraft Original Macaroni & Cheese Dinner (4 ct Pack 7.25 oz Boxes),196.0
Chile,Kraft Original Macaroni & Cheese Dinner (4 ct Pack 7.25 oz Boxes),196.0
Mali,Apple Watch SE GPS 40mm Smart Watch w/ Gold Aluminium Case with Starlight Sport Band. Fitness & Activity Tracker Heart Rate Monitor Retina Display Water Resistant,196.0
Egypt,Apple Watch SE GPS 40mm Smart Watch w/ Gold Aluminium Case with Starlight Sport Band. Fitness & Activity Tracker Heart Rate Monitor Retina Display Water Resistant,196.0
South Korea,Apple Watch SE GPS 40mm Smart Watch w/ Gold Aluminium Case with Starlight Sport Band. Fitness & Activity Tracker Heart Rate Monitor Retina Display Water Resistant,196.0
Chile,Apple Watch SE GPS 40mm Smart Watch w/ Gold Aluminium Case with Starlight Sport Band. Fitness & Activity Tracker Heart Rate Monitor Retina Display Water Resistant,196.0
Mali,Sweet & Salty Snacks Variety Box Mix of Cookies Crackers Chips & Nuts 50 Sweet & Salty Care Package 1 Count,196.0
Egypt,Sweet & Salty Snacks Variety Box Mix of Cookies Crackers Chips & Nuts 50 Sweet & Salty Care Package 1 Count,196.0
South Korea,Sweet & Salty Snacks Variety Box Mix of Cookies Crackers Chips & Nuts 50 Sweet & Salty Care Package 1 Count,196.0
Chile,Sweet & Salty Snacks Variety Box Mix of Cookies Crackers Chips & Nuts 50 Sweet & Salty Care Package 1 Count,196.0
Mali,Augason Farms Buttermilk Pancake Mix 3 lbs 4 oz #10 Can,196.0
Egypt,Augason Farms Buttermilk Pancake Mix 3 lbs 4 oz #10 Can,196.0
South Korea,Augason Farms Buttermilk Pancake Mix 3 lbs 4 oz #10 Can,196.0
Chile,Augason Farms Buttermilk Pancake Mix 3 lbs 4 oz #10 Can,196.0
Mali,NuTrail™ - Keto Nut Granola Healthy Breakfast Cereal - Low Carb Snacks & Food - 2g Net Carbs - Almonds Pecans Coconut and more (11 oz) (1 Count),196.0
Egypt,NuTrail™ - Keto Nut Granola Healthy Breakfast Cereal - Low Carb Snacks & Food - 2g Net Carbs - Almonds Pecans Coconut and more (11 oz) (1 Count),196.0
South Korea,NuTrail™ - Keto Nut Granola Healthy Breakfast Cereal - Low Carb Snacks & Food - 2g Net Carbs - Almonds Pecans Coconut and more (11 oz) (1 Count),196.0
Chile,NuTrail™ - Keto Nut Granola Healthy Breakfast Cereal - Low Carb Snacks & Food - 2g Net Carbs - Almonds Pecans Coconut and more (11 oz) (1 Count),196.0
Mali,Starbucks Capsules for Nespresso Vertuo Machines — Blonde & Dark Roast Variety Pack — 5 boxes (50 coffee & espresso pods total),196.0
Egypt,Starbucks Capsules for Nespresso Vertuo Machines — Blonde & Dark Roast Variety Pack — 5 boxes (50 coffee & espresso pods total),196.0
South Korea,Starbucks Capsules for Nespresso Vertuo Machines — Blonde & Dark Roast Variety Pack — 5 boxes (50 coffee & espresso pods total),196.0
Chile,Starbucks Capsules for Nespresso Vertuo Machines — Blonde & Dark Roast Variety Pack — 5 boxes (50 coffee & espresso pods total),196.0
Mali,Tate's Bake Shop Cookies Variety Pack 4Count (2 & 2 Walnut Chocolate Chip),196.0
Egypt,Tate's Bake Shop Cookies Variety Pack 4Count (2 & 2 Walnut Chocolate Chip),196.0
South Korea,Tate's Bake Shop Cookies Variety Pack 4Count (2 & 2 Walnut Chocolate Chip),196.0
Chile,Tate's Bake Shop Cookies Variety Pack 4Count (2 & 2 Walnut Chocolate Chip),196.0
Mali,Pork King Good Low Carb Keto Diet Pork Rind Breadcrumbs! Perfect For Ketogenic Paleo Gluten-Free Sugar Free and Bariatric Diets (Original) (Original 12 Oz Jar),196.0
Egypt,Pork King Good Low Carb Keto Diet Pork Rind Breadcrumbs! Perfect For Ketogenic Paleo Gluten-Free Sugar Free and Bariatric Diets (Original) (Original 12 Oz Jar),196.0
South Korea,Pork King Good Low Carb Keto Diet Pork Rind Breadcrumbs! Perfect For Ketogenic Paleo Gluten-Free Sugar Free and Bariatric Diets (Original) (Original 12 Oz Jar),196.0
Chile,Pork King Good Low Carb Keto Diet Pork Rind Breadcrumbs! Perfect For Ketogenic Paleo Gluten-Free Sugar Free and Bariatric Diets (Original) (Original 12 Oz Jar),196.0
Mali,LUCKY Portable Fish Finder Handheld Kayak Fish Finders Wired Fish Depth Finder Sonar Sensor Transducer for Boat Fishing Sea Fishing,196.0
Egypt,LUCKY Portable Fish Finder Handheld Kayak Fish Finders Wired Fish Depth Finder Sonar Sensor Transducer for Boat Fishing Sea Fishing,196.0
South Korea,LUCKY Portable Fish Finder Handheld Kayak Fish Finders Wired Fish Depth Finder Sonar Sensor Transducer for Boat Fishing Sea Fishing,196.0
Chile,LUCKY Portable Fish Finder Handheld Kayak Fish Finders Wired Fish Depth Finder Sonar Sensor Transducer for Boat Fishing Sea Fishing,196.0
Mali,Kindle Paperwhite Essentials Bundle including Kindle Paperwhite - Wifi Ad-supported Amazon Fabric Cover and Power Adapter,196.0
Egypt,Kindle Paperwhite Essentials Bundle including Kindle Paperwhite - Wifi Ad-supported Amazon Fabric Cover and Power Adapter,196.0
South Korea,Kindle Paperwhite Essentials Bundle including Kindle Paperwhite - Wifi Ad-supported Amazon Fabric Cover and Power Adapter,196.0
Chile,Kindle Paperwhite Essentials Bundle including Kindle Paperwhite - Wifi Ad-supported Amazon Fabric Cover and Power Adapter,196.0
Mali,GoGo squeeZ yogurtZ Variety Pack Strawberry Banana 3 oz. (20 Pouches) - Pantry Friendly Kids Snacks Made from Real Yogurt & Fruit No Fridge Needed - No Preservatives - Kosher Certified - Gluten Free Snacks for Kids,196.0
Egypt,GoGo squeeZ yogurtZ Variety Pack Strawberry Banana 3 oz. (20 Pouches) - Pantry Friendly Kids Snacks Made from Real Yogurt & Fruit No Fridge Needed - No Preservatives - Kosher Certified - Gluten Free Snacks for Kids,196.0
South Korea,GoGo squeeZ yogurtZ Variety Pack Strawberry Banana 3 oz. (20 Pouches) - Pantry Friendly Kids Snacks Made from Real Yogurt & Fruit No Fridge Needed - No Preservatives - Kosher Certified - Gluten Free Snacks for Kids,196.0
Chile,GoGo squeeZ yogurtZ Variety Pack Strawberry Banana 3 oz. (20 Pouches) - Pantry Friendly Kids Snacks Made from Real Yogurt & Fruit No Fridge Needed - No Preservatives - Kosher Certified - Gluten Free Snacks for Kids,196.0
Mali,Iberico de Bellota Ham Sliced by Hand (2 oz). GLUTEN FREE by Fermin,196.0
Egypt,Iberico de Bellota Ham Sliced by Hand (2 oz). GLUTEN FREE by Fermin,196.0
South Korea,Iberico de Bellota Ham Sliced by Hand (2 oz). GLUTEN FREE by Fermin,196.0
Chile,Iberico de Bellota Ham Sliced by Hand (2 oz). GLUTEN FREE by Fermin,196.0
Mali,Armour Star Vienna Sausage Barbecue Flavored Canned Sausage 27.6 OZ (Pack of 8),196.0
Egypt,Armour Star Vienna Sausage Barbecue Flavored Canned Sausage 27.6 OZ (Pack of 8),196.0
South Korea,Armour Star Vienna Sausage Barbecue Flavored Canned Sausage 27.6 OZ (Pack of 8),196.0
Chile,Armour Star Vienna Sausage Barbecue Flavored Canned Sausage 27.6 OZ (Pack of 8),196.0
Mali,Amazon Brand - Happy Belly Pecan Halves 16 Ounce,196.0
Egypt,Amazon Brand - Happy Belly Pecan Halves 16 Ounce,196.0
South Korea,Amazon Brand - Happy Belly Pecan Halves 16 Ounce,196.0
Chile,Amazon Brand - Happy Belly Pecan Halves 16 Ounce,196.0
Mali,Lay's Kettle Cooked Potato Chips Variety Pack 0.85 Ounce (Pack of 40),196.0
Egypt,Lay's Kettle Cooked Potato Chips Variety Pack 0.85 Ounce (Pack of 40),196.0
South Korea,Lay's Kettle Cooked Potato Chips Variety Pack 0.85 Ounce (Pack of 40),196.0
Chile,Lay's Kettle Cooked Potato Chips Variety Pack 0.85 Ounce (Pack of 40),196.0
Mali,nutpods Hazelnut (4-Pack) Unsweetened Dairy-Free Creamer Made from Almonds and Coconuts Whole30 Gluten Free Non-GMO Vegan Kosher,196.0
Egypt,nutpods Hazelnut (4-Pack) Unsweetened Dairy-Free Creamer Made from Almonds and Coconuts Whole30 Gluten Free Non-GMO Vegan Kosher,196.0
South Korea,nutpods Hazelnut (4-Pack) Unsweetened Dairy-Free Creamer Made from Almonds and Coconuts Whole30 Gluten Free Non-GMO Vegan Kosher,196.0
Chile,nutpods Hazelnut (4-Pack) Unsweetened Dairy-Free Creamer Made from Almonds and Coconuts Whole30 Gluten Free Non-GMO Vegan Kosher,196.0
Mali,Ariel Non-alcoholic Wine Two Pack - Includes Ariel Cabernet and Ariel Chardonnay,196.0
Egypt,Ariel Non-alcoholic Wine Two Pack - Includes Ariel Cabernet and Ariel Chardonnay,196.0
South Korea,Ariel Non-alcoholic Wine Two Pack - Includes Ariel Cabernet and Ariel Chardonnay,196.0
Chile,Ariel Non-alcoholic Wine Two Pack - Includes Ariel Cabernet and Ariel Chardonnay,196.0
Mali,Syntech USB C to USB Adapter Pack of 2 USB C Male to USB3 Female Adapter Compatible with MacBook Pro 2021 iMac iPad Mini 6/Pro MacBook Air 2020 and Other Type C or Thunderbolt 4/3 Devices Space Grey,196.0
Egypt,Syntech USB C to USB Adapter Pack of 2 USB C Male to USB3 Female Adapter Compatible with MacBook Pro 2021 iMac iPad Mini 6/Pro MacBook Air 2020 and Other Type C or Thunderbolt 4/3 Devices Space Grey,196.0
South Korea,Syntech USB C to USB Adapter Pack of 2 USB C Male to USB3 Female Adapter Compatible with MacBook Pro 2021 iMac iPad Mini 6/Pro MacBook Air 2020 and Other Type C or Thunderbolt 4/3 Devices Space Grey,196.0
Chile,Syntech USB C to USB Adapter Pack of 2 USB C Male to USB3 Female Adapter Compatible with MacBook Pro 2021 iMac iPad Mini 6/Pro MacBook Air 2020 and Other Type C or Thunderbolt 4/3 Devices Space Grey,196.0
Mali,Simply Doritos White Cheddar 0.875 Ounce (Pack of 36),196.0
Egypt,Simply Doritos White Cheddar 0.875 Ounce (Pack of 36),196.0
South Korea,Simply Doritos White Cheddar 0.875 Ounce (Pack of 36),196.0
Chile,Simply Doritos White Cheddar 0.875 Ounce (Pack of 36),196.0
Mali,LUCKY Portable Fish Finder Handheld Kayak Fish Finders Wired Fish Depth Finder Sonar Sensor Transducer for Boat Fishing Sea Fishing,196.0
Egypt,LUCKY Portable Fish Finder Handheld Kayak Fish Finders Wired Fish Depth Finder Sonar Sensor Transducer for Boat Fishing Sea Fishing,196.0
South Korea,LUCKY Portable Fish Finder Handheld Kayak Fish Finders Wired Fish Depth Finder Sonar Sensor Transducer for Boat Fishing Sea Fishing,196.0
Chile,LUCKY Portable Fish Finder Handheld Kayak Fish Finders Wired Fish Depth Finder Sonar Sensor Transducer for Boat Fishing Sea Fishing,196.0
Mali,Smucker's Sundae Syrup Butterscotch Flavored Syrup 20-Ounce (Pack of 6),196.0
Egypt,Smucker's Sundae Syrup Butterscotch Flavored Syrup 20-Ounce (Pack of 6),196.0
South Korea,Smucker's Sundae Syrup Butterscotch Flavored Syrup 20-Ounce (Pack of 6),196.0
Chile,Smucker's Sundae Syrup Butterscotch Flavored Syrup 20-Ounce (Pack of 6),196.0
Mali,Mtn Dew Spark Variety Pack 3 Flavor Variety 12oz Cans (18 Pack),196.0
Egypt,Mtn Dew Spark Variety Pack 3 Flavor Variety 12oz Cans (18 Pack),196.0
South Korea,Mtn Dew Spark Variety Pack 3 Flavor Variety 12oz Cans (18 Pack),196.0
Chile,Mtn Dew Spark Variety Pack 3 Flavor Variety 12oz Cans (18 Pack),196.0
Mali,Amazon Echo Power Adapter 15W Black: Echo Dot (3rd Gen) Echo Dot with Clock Echo Show 5 Echo Spot Fire TV Cube,196.0
Egypt,Amazon Echo Power Adapter 15W Black: Echo Dot (3rd Gen) Echo Dot with Clock Echo Show 5 Echo Spot Fire TV Cube,196.0
South Korea,Amazon Echo Power Adapter 15W Black: Echo Dot (3rd Gen) Echo Dot with Clock Echo Show 5 Echo Spot Fire TV Cube,196.0
Chile,Amazon Echo Power Adapter 15W Black: Echo Dot (3rd Gen) Echo Dot with Clock Echo Show 5 Echo Spot Fire TV Cube,196.0
Mali,Tile Slim - Phone Finder. Wallet Finder. Laptop Finder Skateboards - Non-Retail Packaging - 1 Pack,196.0
Egypt,Tile Slim - Phone Finder. Wallet Finder. Laptop Finder Skateboards - Non-Retail Packaging - 1 Pack,196.0
South Korea,Tile Slim - Phone Finder. Wallet Finder. Laptop Finder Skateboards - Non-Retail Packaging - 1 Pack,196.0
Chile,Tile Slim - Phone Finder. Wallet Finder. Laptop Finder Skateboards - Non-Retail Packaging - 1 Pack,196.0
Mali,ByronStatics Portable Cassette Players Recorders FM AM Radio Walkman Tape Player Built In Mic External Speakers Manual Record VAS Automatic Stop System 2AA Battery Or USB Power Supply Headphone,196.0
Egypt,ByronStatics Portable Cassette Players Recorders FM AM Radio Walkman Tape Player Built In Mic External Speakers Manual Record VAS Automatic Stop System 2AA Battery Or USB Power Supply Headphone,196.0
South Korea,ByronStatics Portable Cassette Players Recorders FM AM Radio Walkman Tape Player Built In Mic External Speakers Manual Record VAS Automatic Stop System 2AA Battery Or USB Power Supply Headphone,196.0
Chile,ByronStatics Portable Cassette Players Recorders FM AM Radio Walkman Tape Player Built In Mic External Speakers Manual Record VAS Automatic Stop System 2AA Battery Or USB Power Supply Headphone,196.0
Albania,Bartesian Gimlet Cocktail Mixer Capsules Pack of 6 Cocktail Capsules for Bartesian Premium Cocktail Maker (55358),198.0
Albania,Mori-Nu Silken Tofu Extra Firm 12.3 Ounce (Case of 12),198.0
Albania,Garmin Forerunner 45 42mm Easy-to-use GPS Running Watch with Coach Free Training Plan Support Black,198.0
Albania,Urban Moonshine Original Bitters Organic & Gluten Free - 8 fl oz,198.0
Albania,Loma Linda - Plant-Based - Vege Burger (19 oz.) (Pack of 6) - Kosher,198.0
Albania,OREO CHIPS AHOY! Nutter Butter SOUR PATCH KIDS & SWEDISH FISH Cookies & Candy Variety Pack 40 Snack Packs,198.0
Albania,Brother Genuine Standard Yield Black Ink Cartridge LC201BK Replacement Black Ink Page Yield Up to 260 Pages Amazon Dash Replenishment Cartridge LC201BK - 3 Pack,198.0
Albania,Hickory Farms Meat & Cheese Large Gift Box | Gourmet Food Gift Basket Perfect For Family Birthday Sympathy Congratulations Gifts Retirement Thinking of You Business and Corporate Gifts,198.0
Albania,KEYBLU 2-Wire CLS1110 Acoustic Tube Earpiece/Headset with PTT and Mic Surveillance Kit for Motorola Walkie Talkie RDM2070d CP200 CP200d CLS1410 CLS1413 CLS1450 Radio,198.0
Albania,Dan-O's Seasoning Starter Pack - All Natural Low Sodium No Sugar No MSG - Two (2) 3.5 oz Bottles,198.0
Albania,The Original Donut Shop Dark Coffee Keurig Single-Serve K-Cup Pods Dark Roast 32 Count,198.0
Albania,FORTINET FortiGate-40F 1YR Advanced Threat Protection License (FC-10-0040F-928-02-12),198.0
Albania,Enfamil Baby Vitamin D-Vi-Sol Vitamin D Liquid Supplement Drops for Infants Supporting Strong Teeth & bones in Newborn Babies Easy-to-Use Gluten-Free 50 mL Dropper Bottle Pack of 3,198.0
Albania,Gerber Baby Snacks Yogurt Melts Banana Vanilla 1 Ounce (Pack of 7),198.0
Albania,Burt's Bees Baby Organic Baby Formula Ultra Gentle Formula Easy To Digest Infant Formula with Iron Milk-Based Powder with Vitamin D Vitamin E Vitamin K DHA Calcium 23.2 Ounce,198.0
Albania,Foustman's Salami (5 Alarm Habanero) Artisanal Nitrate-Free Naturally Cured,198.0
Albania,RORSOU R10 On-Ear Headphones with Microphone Lightweight Folding Stereo Bass Headphones with 1.5M No-Tangle Cord Portable Wired Headphones for Smartphone Tablet Computer MP3 / 4 (Black),198.0
Albania,Ayotu Case for All-New Kindle 10th Gen 2019 Release - Durable Cover with Auto Wake/Sleep fits Amazon All-New Kindle 2019(Will not fit Kindle Paperwhite or Kindle Oasis) Mint Green,198.0
Albania,CellarScience-AD332A Fermaid O (12 g),198.0
Germany,Augason Farms Buttermilk Pancake Mix 3 lbs 4 oz #10 Can,203.0
Germany,Ayotu Fabric Case for All-New Kindle 10th Gen 2019 Release Only-Thinnest&Lightest Smart Cover with Auto Wake/Sleep - Support Back Cover adsorption(Not Fit Kindle Paperwhite 10th Gen 2018) Yellow,203.0
Germany,LandAirSea 54 GPS Tracker - USA Manufactured Waterproof Magnet Mount. Full Global Coverage. 4G LTE Real-Time Tracking for Vehicle Asset Fleet Elderly and more. Subscription is required Black,203.0
Germany,JETech Screen Protector for iPhone 11 and iPhone XR 6.1-Inch Tempered Glass Film 2-Pack,203.0
Germany,Blue Diamond Dark Chocolate Almond Snack Nuts 40oz Bag,203.0
Germany,Old Wisconsin Beef Snack Bites 7 Ounce(Pack of 6),203.0
Germany,Premade Easter Gift Baskets for Adults & Kids Candy Filled Eggs + Bunny - Dried Fruit & Nut Tower Arrangement (12 Piece Assortment) Healthy Food Platter Care Package Variety Tray Kosher Snack Box,203.0
Germany,Thoughtfully Gifts Champagne Toppers Gift Set 2.3 Ounces Each Flavors Include Blood Orange Mimosa Raspberry Bellini Mango Mimosa Grapefruit Bellini and Mandarin Mimosa Pack of 5 (NO Alcohol),203.0
Germany,ALOHA Organic Plant Based Protein Bars - Chocolate Chip Cookie Dough - 12 Count 1.9oz Bars - Vegan Snacks Low Sugar Gluten-Free Low Carb Paleo Non-GMO Stevia-Free No Sugar Alcohols,203.0
Bangladesh,Nonni's Biscotti Value Pack Originali Classic Almond 25 Count 1.1 Pound,226.0
Bangladesh,evian Natural Spring Water 1 Liter (Pack of 6) Naturally Filtered Spring Water Naturally Filtered Spring Water in Large Bottles,226.0
Bangladesh,Jade Leaf - Complete Matcha Ceremony Set - Bamboo Matcha Whisk and Scoop Stainless Steel Sifter Stoneware Bowl & Whisk Holder Prep Guide,226.0
Bangladesh,Fintie Slimshell Case for All-new Kindle (10th Generation 2019 Release) - Lightweight Premium PU Leather Protective Cover with Auto Sleep/Wake (NOT Fit Kindle Paperwhite or Kindle 8th Gen) Black,226.0
Bangladesh,MOVSSOU E7 Active Noise Cancelling Headphones Bluetooth Headphones Wireless Headphones Over Ear with Microphone Deep Bass Comfortable Protein Earpads 30 Hours Playtime for Travel/Work Black,226.0
Bangladesh,CellarScience - AD345B Fermaid K (80 g),226.0
Bangladesh,Vermont Smoke & Cure Meat Sticks - Beef & Pork Sticks - Gluten-Free - Great Keto Snack - High in Protein & Low Sugar - Original Flavor -1oz Jerky Stick - 24 count,226.0
Bangladesh,Red Star RS-Cuveex10 Premier Cuvee Yeast 10 Packets,226.0
Bangladesh,Newest Universal Remote Control for All Samsung TV Remote Compatible All Samsung LCD LED HDTV 3D Smart TVs Models,226.0
Greece,Mina Capers Non Pareil The Perfect Mediterranean Seasoning or Garnish 33.5 oz,238.0
Greece,Tostitos Medium Chunky Salsa 4 Count 15.5 oz Jars,238.0
Greece,Kindle Paperwhite Essentials Bundle including Kindle Paperwhite - Wifi Ad-supported Amazon Leather Cover and Power Adapter,238.0
Greece,Key Fob Keyless Entry Remote fits Ford Lincoln Mercury Mazda F150 F250 F350 Escape Expedition Explorer Ranger (and More) Set of 2,238.0
Pakistan,OREO Chocolate Sandwich Cookies Family Size - 3 Packs,265.0
Pakistan,Ailun Glass Screen Protector Compatible for iPhone 13 Pro Max 6.7 Inch Display 2021 3 Pack Case Friendly Tempered Glass,265.0
Pakistan,WatchGuard Standard Support Renewal 1-yr for Firebox T30-W,265.0
Colombia,Anker USB C Charger 20W 511 Charger (Nano) PIQ 3.0 Durable Compact Fast Charger Anker Nano for iPhone 13/13 Mini/13 Pro/13 Pro Max/12 Galaxy Pixel 4/3 iPad/iPad Mini (Cable Not Included),307.0
Colombia,Altman Plants - Live Succulent Plants (64 Pack) Assorted Potted Succulents Plants Live House Plants in Cacti and Succulent Soil Mix - Cactus Plants Live Indoor Plants Live Houseplants in Planter Pots,307.0
Colombia,Classic Beef Jerky by Think Jerky — Delicious Chef Crafted Jerky — Grass-Fed Beef Free of Gluten Antibiotics and Nitrates — Healthy Protein Snack Low in Calories Fat and Salt — 1 Ounce (8 Pack),307.0
Colombia,Gerber Mealtime for Toddler Mac and Cheese with Chicken & Vegetables 6 Ounce (Pack of 6),307.0
Japan,G Hughes Sugar Free Assorted Marinades (1) Lemon Herb 12oz bottle (1) Teriyaki 12oz bottle and (1) Orange Ginger 12oz bottle,308.0
Japan,sodastream Soda Press Organic Ale Flavor Mix Ginger 16.9 Fl Oz,308.0
Japan,Wireless Earbuds COTOGNI True Wireless Bluetooth Earbuds Headphones Stereo Sound Earphones with Type C Charging CaseMic IPX6 Waterproof Touch Control (White),308.0
Japan,Hormel Black Label,308.0
Mexico,Two Rivers Coffee Flavored Coffee Pods Compatible with Keurig K Cup Brewers Assorted Variety Pack Flavored Coffee 40 Count,326.0
Mexico,Original HP 67XL Tri-color High-yield Ink Cartridge | Works with HP DeskJet 1255 2700 4100 Series HP ENVY 6000 6400 Series | Eligible for Instant Ink | 3YM58AN,326.0
France,PLANT BOSS Unseasoned Plant Crumbles | Organic Meatless Crumbles | 18g Protein Per Serving | Soy-Free | 3.17 oz bag | Pack of 6,336.0
France,Echo Show 10 (3rd Gen) | HD smart display with motion and Alexa | Glacier White,336.0
France,APC Surge Protector Power Strip PE76 1440 Joule Flat Plug 7 Outlet Strip Black,336.0
France,Cerez Pazari Turkish Delight with Strawberry Peach Melon Tangerine Blackberry Mix Flavours 16 oz Gourmet Medium Size Snacks Gift Box | No Nuts Sweet Luxury Traditional Confectionery Vegan Soft Candy Dessert Glucose Free Lokum (Loukoumi) Approx.42 Pcs,336.0
Canada,Blink Outdoor - wireless weather-resistant HD security camera two-year battery life motion detection set up in minutes – 2 camera kit,345.0
Canada,Loma Linda Prime Stakes - 13 oz. (Pack of 8),345.0
Brazil,Bumble Bee Prime Solid White Albacore Tuna Low Sodium in Water 5 oz Cans (Pack of 12) - Premium Wild Caught Tuna - 31g Protein per Serving - Non-GMO Project Verified Gluten Free Kosher,367.0
Brazil,Bulk Assorted Fruit Candy - Starburst Skittles Swedish Fish Air Heads Jolly Rancher Sour Punch Sour Patch Kids Haribo Gold-Bears Gummi Bears & Twizzlers (32 Oz Variety Fun Pack) by Variety Fun,367.0
Indonesia,Anthony's Organic Vital Wheat Gluten 2 lb High in Protein Vegan Non GMO Keto Friendly Low Carb,396.0
Indonesia,Loma Linda - Plant-Based - Swiss Stake with Gravy (13 oz.) - Kosher,396.0
Indonesia,Amazon Brand - Happy Belly Old Fashioned Oats 18 Ounce,396.0
Philippines,Apple MagSafe Charger,532.0
China,Doritos 3D Crunch 2 Flavor Variety Pack 0.625 oz Bags 36 Count (Pack of 1),915.0
